Node_ID,Cluster_ID
6497,0
15510,0
17421,0
17435,0
19542,0
20180,0
21843,0
22262,0
26026,0
30122,0
36156,0
36427,0
36955,0
38561,0
39884,0
40192,0
41024,0
44236,0
44237,0
47785,0
54073,0
56835,0
59764,0
64466,0
64503,0
65536,0
69397,0
73177,0
77007,0
77235,0
78215,0
79743,0
81410,0
81537,0
81580,0
83530,0
93985,0
95718,0
95841,0
96546,0
97188,0
102071,0
102696,0
125102,0
126893,0
133844,0
140003,0
152095,0
166691,0
170244,0
177920,0
182964,0
184327,0
192330,0
193541,0
199526,0
200699,0
216869,0
224090,0
225684,0
227114,0
228452,0
233961,0
238581,0
248919,0
260654,0
261872,0
261919,0
275312,0
276719,0
277034,0
285042,0
286318,0
291564,0
302184,0
304520,0
308932,0
311126,0
313149,0
314498,0
315511,0
323059,0
354821,0
356786,0
359253,0
360900,0
362841,0
369106,0
371605,0
374117,0
382782,0
391409,0
398776,0
399594,0
411590,0
412173,0
414700,0
435104,0
452049,0
453623,0
454674,0
455442,0
456164,0
475675,0
475964,0
480493,0
496246,0
500692,0
503321,0
505079,0
515680,0
516907,0
518663,0
520078,0
525691,0
525692,0
528573,0
535376,0
536857,0
538486,0
540800,0
543002,0
544471,0
544852,0
545022,0
545054,0
545361,0
545558,0
545562,0
545712,0
545904,0
545954,0
546407,0
546723,0
546789,0
546801,0
546840,0
20167,1
27814,1
46177,1
61857,1
65540,1
168736,1
222985,1
233900,1
261733,1
277267,1
365782,1
413303,1
459433,1
468178,1
475183,1
485682,1
501306,1
523850,1
254,2
1263,2
1362,2
9272,2
9273,2
11627,2
11989,2
12328,2
16049,2
16771,2
17730,2
21159,2
21352,2
26109,2
28586,2
28821,2
29502,2
29852,2
32928,2
33214,2
33223,2
33282,2
34015,2
34821,2
36402,2
42829,2
43911,2
49814,2
55711,2
57817,2
61169,2
61269,2
61657,2
61658,2
62691,2
64559,2
70498,2
74329,2
76101,2
76358,2
76361,2
78899,2
81587,2
82863,2
83876,2
84604,2
90047,2
90098,2
90512,2
94881,2
95846,2
101995,2
107788,2
109200,2
109202,2
116305,2
117975,2
120000,2
121218,2
122419,2
124779,2
125290,2
127175,2
130613,2
130900,2
131417,2
132566,2
138858,2
144795,2
149412,2
152701,2
154153,2
154219,2
154955,2
155323,2
156050,2
157245,2
163847,2
166604,2
166620,2
167545,2
169650,2
169703,2
173843,2
174120,2
175055,2
182208,2
192496,2
194245,2
195787,2
196339,2
198272,2
202720,2
209231,2
209379,2
210854,2
211357,2
212261,2
222930,2
226548,2
229404,2
230029,2
233642,2
238792,2
239007,2
241220,2
241636,2
245996,2
251098,2
255508,2
259824,2
260140,2
261605,2
263733,2
265253,2
265712,2
268577,2
270905,2
271520,2
274709,2
274745,2
277842,2
279012,2
281335,2
281407,2
287797,2
289432,2
297061,2
300326,2
301371,2
310267,2
310280,2
316882,2
318695,2
327042,2
335902,2
346669,2
346931,2
350144,2
351206,2
351274,2
364658,2
367115,2
369005,2
371130,2
380802,2
384922,2
391272,2
391703,2
401438,2
406102,2
414390,2
424092,2
424283,2
425819,2
425940,2
441001,2
443318,2
447102,2
449387,2
461856,2
468729,2
472372,2
477634,2
486292,2
490480,2
498622,2
511307,2
519975,2
520694,2
524285,2
528028,2
535752,2
539999,2
542460,2
542462,2
544052,2
544115,2
544118,2
544147,2
544250,2
544268,2
544301,2
544389,2
544513,2
544651,2
544671,2
544709,2
544943,2
545019,2
545126,2
545131,2
545366,2
545455,2
545489,2
545525,2
545780,2
545799,2
545886,2
545913,2
545958,2
546238,2
546264,2
546265,2
546283,2
546431,2
546438,2
546450,2
546462,2
546475,2
546549,2
546724,2
546988,2
546991,2
547200,2
547303,2
547447,2
547522,2
547751,2
547859,2
547963,2
548171,2
548179,2
548241,2
548279,2
548414,2
3813,3
5780,3
6996,3
9761,3
11605,3
17019,3
17060,3
17219,3
17351,3
18509,3
18827,3
20800,3
24357,3
26622,3
26742,3
28789,3
31656,3
32393,3
33184,3
33187,3
34289,3
36433,3
39600,3
47997,3
49324,3
50922,3
51344,3
51638,3
52053,3
54259,3
54629,3
54916,3
54920,3
54921,3
56260,3
57180,3
57273,3
57614,3
58732,3
58873,3
59891,3
63460,3
65712,3
66194,3
66578,3
66990,3
72273,3
72444,3
73963,3
74118,3
74196,3
74851,3
74989,3
75220,3
78036,3
78738,3
79075,3
81730,3
83994,3
85887,3
86007,3
89228,3
90051,3
90459,3
90591,3
91329,3
93492,3
94078,3
94965,3
95459,3
96703,3
97136,3
97579,3
102479,3
103788,3
105309,3
105430,3
106219,3
108230,3
108865,3
108908,3
109608,3
109822,3
110325,3
113327,3
115057,3
115065,3
115067,3
115250,3
115675,3
116010,3
117918,3
122232,3
127064,3
128346,3
128348,3
133546,3
134162,3
136500,3
137760,3
138933,3
139817,3
142073,3
147088,3
151460,3
153424,3
155322,3
155613,3
158365,3
159826,3
163064,3
163850,3
166615,3
167393,3
167630,3
168144,3
169086,3
169709,3
170699,3
170895,3
171280,3
173849,3
177901,3
179937,3
180324,3
183722,3
186625,3
186845,3
187119,3
188566,3
189183,3
190209,3
195774,3
195863,3
196033,3
199689,3
200382,3
200765,3
202195,3
210768,3
214166,3
214353,3
218402,3
225473,3
228464,3
231128,3
232803,3
233545,3
233636,3
236913,3
237247,3
237751,3
240461,3
243944,3
247057,3
249386,3
250528,3
250562,3
250627,3
250628,3
251203,3
252718,3
253493,3
254110,3
254126,3
257377,3
259034,3
259136,3
259211,3
259214,3
259836,3
259983,3
262781,3
267885,3
268688,3
272883,3
274750,3
275109,3
276371,3
276601,3
277410,3
277412,3
277956,3
280793,3
283792,3
284673,3
291819,3
294523,3
296942,3
297761,3
297894,3
298362,3
305057,3
305936,3
313429,3
313431,3
314317,3
321824,3
322202,3
323005,3
324109,3
336435,3
336623,3
336818,3
337205,3
345942,3
347241,3
348123,3
348128,3
359770,3
366058,3
375661,3
380488,3
381717,3
382388,3
384337,3
384727,3
388738,3
395624,3
397414,3
402015,3
402355,3
406311,3
406363,3
409776,3
412427,3
414314,3
414540,3
416046,3
417209,3
417316,3
424791,3
425911,3
428653,3
434209,3
434211,3
435053,3
435886,3
437198,3
444732,3
450512,3
459030,3
466081,3
468843,3
472952,3
477748,3
482571,3
484421,3
486222,3
487467,3
487946,3
490831,3
490842,3
494410,3
500307,3
501663,3
504938,3
508228,3
513171,3
516057,3
516456,3
525483,3
527527,3
529337,3
530142,3
532304,3
533212,3
538067,3
539203,3
539294,3
539458,3
540670,3
541089,3
542123,3
542185,3
542194,3
542196,3
542197,3
542310,3
542517,3
542878,3
542966,3
543022,3
543174,3
543744,3
544123,3
544172,3
544196,3
544397,3
544492,3
544493,3
544549,3
544680,3
544688,3
544832,3
544859,3
544924,3
544948,3
545007,3
545027,3
545055,3
545169,3
545236,3
545244,3
545472,3
545512,3
545610,3
545737,3
545747,3
545766,3
545810,3
545870,3
545911,3
545938,3
546028,3
546124,3
546246,3
546304,3
546326,3
546419,3
546497,3
546645,3
546663,3
546759,3
546838,3
546842,3
546858,3
546861,3
546896,3
546915,3
546974,3
547040,3
547061,3
547069,3
547171,3
547203,3
547337,3
547400,3
547532,3
547556,3
547701,3
547770,3
547779,3
547801,3
547864,3
547865,3
547943,3
548006,3
548025,3
548213,3
548264,3
548304,3
548431,3
7141,4
9265,4
12130,4
12186,4
21098,4
22944,4
25667,4
29504,4
34092,4
36857,4
37533,4
44073,4
47828,4
49774,4
49803,4
52347,4
53825,4
57389,4
61925,4
62258,4
65303,4
70489,4
75154,4
75209,4
82223,4
83226,4
87093,4
90043,4
93047,4
94323,4
94979,4
96779,4
101845,4
104094,4
105727,4
107001,4
113179,4
118524,4
119292,4
136202,4
137282,4
141183,4
141188,4
145479,4
149513,4
150647,4
152086,4
152281,4
159600,4
162617,4
168303,4
175686,4
178233,4
178333,4
178985,4
183520,4
191092,4
191100,4
200236,4
200650,4
208701,4
211715,4
216249,4
216799,4
226268,4
226683,4
232127,4
234914,4
235336,4
235343,4
237776,4
239297,4
241123,4
253928,4
255307,4
256564,4
256566,4
256922,4
257577,4
260591,4
261448,4
267136,4
267510,4
275106,4
277161,4
281257,4
281887,4
283578,4
287836,4
299584,4
315061,4
319345,4
327691,4
334909,4
335509,4
339843,4
342436,4
352614,4
353550,4
355010,4
355859,4
357471,4
364800,4
374580,4
379325,4
394200,4
399001,4
404637,4
409035,4
413826,4
435994,4
436235,4
448982,4
451797,4
460211,4
460762,4
463361,4
466118,4
466205,4
471165,4
471256,4
471540,4
478208,4
479486,4
481693,4
486517,4
487327,4
495359,4
496133,4
498447,4
500246,4
503989,4
505234,4
510750,4
511993,4
516165,4
519850,4
526695,4
526978,4
527627,4
533239,4
533654,4
535613,4
537670,4
537965,4
539257,4
539746,4
542268,4
542563,4
544227,4
544627,4
545791,4
545844,4
545975,4
546051,4
546203,4
546548,4
546561,4
546814,4
546849,4
547301,4
547698,4
547702,4
548109,4
548197,4
548284,4
6631,5
23360,5
44874,5
55812,5
69628,5
75461,5
78816,5
84128,5
84413,5
88959,5
98708,5
99247,5
109157,5
133736,5
139320,5
155597,5
158131,5
165632,5
168602,5
172773,5
175097,5
181420,5
202188,5
202190,5
202191,5
211970,5
230418,5
247799,5
258682,5
265010,5
321019,5
326493,5
327694,5
330714,5
407298,5
455958,5
472912,5
488834,5
493809,5
530049,5
536576,5
541518,5
543309,5
545256,5
547473,5
547982,5
5682,6
9132,6
9182,6
9990,6
11597,6
12205,6
12880,6
13389,6
14390,6
18263,6
18500,6
18970,6
19264,6
19639,6
22604,6
24628,6
26017,6
27182,6
27319,6
27784,6
28972,6
30184,6
31840,6
32231,6
32431,6
33053,6
33567,6
36182,6
36548,6
39376,6
40200,6
44238,6
44741,6
44762,6
44936,6
46002,6
46885,6
49143,6
49146,6
50475,6
50524,6
52309,6
52521,6
53284,6
53562,6
53634,6
54047,6
55741,6
58840,6
59459,6
60313,6
65777,6
65785,6
66211,6
67978,6
68321,6
70329,6
72857,6
76622,6
78123,6
80736,6
82581,6
83640,6
83709,6
83710,6
84763,6
85591,6
87090,6
88358,6
89846,6
91876,6
103356,6
108218,6
109534,6
111031,6
113473,6
115671,6
115672,6
115819,6
115849,6
115850,6
115854,6
115857,6
118081,6
119892,6
120635,6
121182,6
122062,6
122422,6
127784,6
128320,6
128751,6
134219,6
134397,6
138253,6
141148,6
141803,6
141907,6
142089,6
142233,6
142614,6
142701,6
142760,6
143313,6
143564,6
151216,6
154773,6
154936,6
155356,6
156133,6
156515,6
157718,6
160425,6
160529,6
161835,6
167547,6
167607,6
167609,6
169468,6
170734,6
171476,6
172373,6
172498,6
172499,6
173642,6
181800,6
182207,6
184144,6
184382,6
185355,6
185840,6
186121,6
188970,6
190348,6
190425,6
190767,6
191371,6
191819,6
192378,6
196915,6
199722,6
200619,6
207045,6
209690,6
209864,6
210430,6
214375,6
215663,6
216616,6
217350,6
220462,6
222467,6
224197,6
226966,6
228560,6
232898,6
233299,6
235687,6
236308,6
239179,6
239299,6
242270,6
245193,6
245202,6
245368,6
248954,6
249437,6
253639,6
255934,6
255950,6
255984,6
255992,6
257115,6
257602,6
257604,6
260150,6
260412,6
262098,6
265630,6
265822,6
265826,6
265845,6
266673,6
267896,6
268188,6
269884,6
271287,6
271585,6
272802,6
274342,6
274747,6
281453,6
283984,6
284458,6
284460,6
284584,6
284592,6
284696,6
285806,6
285808,6
285814,6
286821,6
288928,6
289832,6
290578,6
290834,6
290850,6
295648,6
301091,6
303101,6
304525,6
304526,6
305690,6
309519,6
312627,6
313269,6
313916,6
315303,6
317967,6
319718,6
323199,6
323805,6
326117,6
327695,6
327995,6
333535,6
336608,6
336912,6
341686,6
341907,6
344786,6
345154,6
345594,6
346670,6
347321,6
348948,6
349407,6
349785,6
350970,6
356858,6
361404,6
362801,6
364847,6
365597,6
370205,6
370806,6
372381,6
372534,6
373226,6
375422,6
375633,6
376576,6
378082,6
385217,6
385783,6
386361,6
386363,6
386366,6
389773,6
390666,6
394165,6
397604,6
403513,6
411865,6
415626,6
417745,6
420003,6
425308,6
426524,6
426652,6
426660,6
427379,6
427737,6
429231,6
429342,6
432670,6
437934,6
437981,6
440438,6
443258,6
447087,6
449275,6
450074,6
450514,6
452535,6
452753,6
454117,6
454895,6
456392,6
456445,6
456495,6
457795,6
458289,6
461068,6
463535,6
464335,6
464426,6
465087,6
469318,6
473213,6
478155,6
478541,6
479312,6
482141,6
485874,6
486064,6
490484,6
495906,6
496565,6
498019,6
498606,6
506288,6
509425,6
510663,6
511361,6
515198,6
515434,6
515746,6
517029,6
517205,6
518000,6
520235,6
521446,6
521790,6
522122,6
522123,6
522305,6
523987,6
526263,6
529364,6
530442,6
530856,6
533237,6
533514,6
534495,6
535169,6
536079,6
536498,6
536746,6
537196,6
538240,6
539018,6
542913,6
543000,6
543110,6
543209,6
543215,6
543237,6
543606,6
543632,6
543727,6
544041,6
544089,6
544209,6
544239,6
544280,6
544385,6
544390,6
544454,6
544639,6
544823,6
544838,6
544860,6
544921,6
544922,6
544933,6
545148,6
545235,6
545405,6
545450,6
545461,6
545523,6
545549,6
545554,6
545665,6
545705,6
545710,6
545834,6
545952,6
546031,6
546111,6
546404,6
546689,6
546754,6
546755,6
546809,6
546844,6
546966,6
546978,6
547129,6
547164,6
547168,6
547340,6
547346,6
547486,6
547548,6
547632,6
547688,6
547694,6
547781,6
547881,6
547902,6
548018,6
548276,6
548278,6
548388,6
548447,6
21,7
1631,7
8398,7
12262,7
12654,7
15288,7
17723,7
18076,7
20330,7
21350,7
22331,7
26052,7
27211,7
28289,7
28359,7
29966,7
35264,7
40394,7
41528,7
42070,7
44149,7
44180,7
45682,7
46007,7
47587,7
48774,7
49228,7
49446,7
50332,7
52782,7
58327,7
58965,7
60539,7
61922,7
67739,7
69079,7
71190,7
72454,7
73824,7
76900,7
81928,7
83565,7
86193,7
87455,7
87458,7
88749,7
90065,7
90443,7
93339,7
95926,7
96553,7
97413,7
97520,7
97816,7
97974,7
98591,7
99709,7
101545,7
103545,7
103594,7
108427,7
108490,7
109968,7
111760,7
113395,7
114560,7
114681,7
114899,7
115206,7
118142,7
122698,7
123625,7
124984,7
131405,7
134393,7
137219,7
137542,7
139005,7
140257,7
140889,7
141926,7
142515,7
152087,7
152106,7
152109,7
152183,7
152399,7
155711,7
156197,7
157391,7
160680,7
161811,7
162260,7
166829,7
167231,7
167459,7
167468,7
170056,7
170462,7
178994,7
179626,7
179994,7
185087,7
191137,7
195776,7
197005,7
198895,7
200636,7
202200,7
208249,7
208377,7
208436,7
208593,7
210080,7
210924,7
210925,7
210926,7
210929,7
210930,7
212257,7
212270,7
214182,7
215610,7
215612,7
216572,7
216871,7
217068,7
217507,7
217967,7
218822,7
219744,7
224716,7
226179,7
226231,7
227570,7
227969,7
229702,7
233078,7
234603,7
234869,7
236174,7
237452,7
240575,7
241924,7
242293,7
246068,7
247250,7
247278,7
247825,7
248589,7
250219,7
250221,7
250222,7
250882,7
250896,7
250898,7
251580,7
251900,7
254647,7
254767,7
260373,7
260639,7
260967,7
260971,7
260972,7
262217,7
264004,7
265804,7
266304,7
266995,7
270903,7
271159,7
274741,7
274744,7
276502,7
276663,7
276664,7
276961,7
277539,7
277949,7
278894,7
280921,7
285063,7
285288,7
285935,7
293760,7
297444,7
297881,7
301995,7
302178,7
304609,7
304620,7
313171,7
314571,7
316990,7
319239,7
320969,7
322734,7
327215,7
331967,7
332165,7
333202,7
333360,7
333654,7
333844,7
340707,7
344891,7
348193,7
351014,7
351430,7
354953,7
357879,7
360369,7
363362,7
363426,7
364164,7
373072,7
376337,7
377681,7
382416,7
383898,7
384038,7
385667,7
396205,7
396257,7
405802,7
406560,7
410119,7
410879,7
410880,7
410909,7
411217,7
415310,7
421307,7
428603,7
432573,7
434925,7
437547,7
437609,7
440499,7
442340,7
443140,7
445033,7
446280,7
450344,7
450349,7
451118,7
453554,7
455426,7
455445,7
455446,7
457773,7
458337,7
460248,7
463596,7
465119,7
467115,7
470228,7
472567,7
475508,7
479491,7
483681,7
485888,7
486506,7
487896,7
488323,7
488709,7
497426,7
500288,7
503318,7
504465,7
505568,7
507390,7
510176,7
510435,7
516006,7
516540,7
518759,7
518767,7
519655,7
519820,7
522977,7
527819,7
528052,7
528460,7
530924,7
533770,7
535779,7
538669,7
539872,7
540785,7
541903,7
542324,7
542345,7
542824,7
543409,7
544010,7
544079,7
544166,7
544376,7
544530,7
544531,7
544532,7
544537,7
544541,7
544689,7
544764,7
544971,7
545179,7
545218,7
545341,7
545370,7
545401,7
545501,7
545557,7
545575,7
545702,7
545733,7
545778,7
545847,7
545862,7
545885,7
545989,7
545990,7
545992,7
546146,7
546172,7
546205,7
546250,7
546282,7
546297,7
546348,7
546366,7
546410,7
546428,7
546440,7
546557,7
546597,7
546894,7
547065,7
547083,7
547112,7
547117,7
547190,7
547191,7
547192,7
547193,7
547206,7
547300,7
547331,7
547379,7
547432,7
547461,7
547492,7
547517,7
547616,7
547644,7
547680,7
547684,7
547720,7
547722,7
547758,7
547811,7
547813,7
547827,7
548123,7
548132,7
548133,7
548136,7
548186,7
548191,7
548339,7
548384,7
548387,7
548402,7
548403,7
548441,7
548442,7
6098,8
9286,8
32789,8
34946,8
41272,8
51487,8
63053,8
69253,8
72251,8
83180,8
84179,8
95436,8
103786,8
103789,8
103792,8
103795,8
107850,8
108402,8
125530,8
132753,8
134282,8
134431,8
140487,8
140532,8
153872,8
158235,8
160017,8
165114,8
171460,8
188580,8
189660,8
195785,8
204442,8
225605,8
226743,8
226745,8
231146,8
235412,8
240490,8
244522,8
245283,8
250506,8
258372,8
271513,8
271516,8
271522,8
275125,8
278998,8
315531,8
329349,8
330019,8
330624,8
343366,8
344243,8
357079,8
363278,8
369967,8
387761,8
392683,8
408834,8
413947,8
421818,8
428295,8
432852,8
442498,8
460504,8
463593,8
469874,8
475800,8
476815,8
478121,8
487820,8
517906,8
527951,8
530362,8
532727,8
535653,8
542736,8
543062,8
543419,8
543575,8
543912,8
544380,8
544535,8
545868,8
545887,8
546090,8
547246,8
547513,8
548405,8
12848,9
15167,9
31519,9
94075,9
104116,9
111443,9
149299,9
499586,9
521590,9
547697,9
439,10
1488,10
2555,10
2685,10
3382,10
3430,10
3858,10
4152,10
7352,10
8028,10
8216,10
8952,10
9486,10
11960,10
12661,10
13323,10
14523,10
16408,10
17900,10
17968,10
18704,10
19022,10
20302,10
22888,10
22891,10
23081,10
24206,10
25200,10
25208,10
25614,10
29543,10
29581,10
29695,10
30735,10
31786,10
32305,10
33648,10
34144,10
34809,10
35512,10
36461,10
36762,10
38207,10
38782,10
39397,10
39438,10
41541,10
41873,10
42179,10
42484,10
42491,10
44995,10
49611,10
52655,10
53175,10
53413,10
54329,10
54379,10
57822,10
58627,10
59831,10
59854,10
60013,10
61675,10
62184,10
63174,10
63490,10
65494,10
65680,10
66406,10
66440,10
67837,10
68725,10
68730,10
70659,10
71043,10
71489,10
71842,10
71874,10
75359,10
76425,10
77513,10
78295,10
79221,10
80043,10
83300,10
83475,10
83940,10
84303,10
84354,10
85352,10
85527,10
85649,10
85702,10
86820,10
88031,10
88099,10
90236,10
90301,10
91797,10
93209,10
93299,10
93645,10
94011,10
95525,10
96076,10
97001,10
98756,10
99305,10
101504,10
101831,10
102592,10
104887,10
105972,10
106823,10
109378,10
109556,10
111451,10
111655,10
111662,10
114911,10
117661,10
118170,10
118513,10
118835,10
118888,10
119157,10
119665,10
121489,10
121614,10
121866,10
121946,10
122108,10
122357,10
122867,10
123144,10
125584,10
127714,10
129398,10
130331,10
130801,10
131465,10
131724,10
131863,10
133644,10
134593,10
140329,10
140633,10
140999,10
141243,10
141450,10
144681,10
145964,10
150075,10
153344,10
154265,10
156852,10
157556,10
157686,10
158139,10
159687,10
160251,10
161634,10
162318,10
162411,10
162518,10
162603,10
165974,10
168360,10
171033,10
171944,10
173166,10
174051,10
174197,10
174901,10
175247,10
175579,10
176281,10
177879,10
178596,10
179087,10
179474,10
180058,10
180061,10
180340,10
181055,10
181579,10
183554,10
183678,10
184323,10
185255,10
185482,10
185664,10
185965,10
186591,10
186686,10
188114,10
188664,10
189493,10
190429,10
190533,10
191466,10
193980,10
196903,10
197473,10
197489,10
199442,10
199628,10
199675,10
199960,10
200492,10
200864,10
201433,10
206020,10
206324,10
207519,10
207877,10
210291,10
211438,10
211556,10
212528,10
215146,10
215573,10
215649,10
216486,10
216520,10
216703,10
220776,10
223793,10
224429,10
224746,10
226182,10
226847,10
230628,10
231100,10
231564,10
232426,10
233074,10
236400,10
236517,10
238001,10
238359,10
238738,10
239388,10
241423,10
244614,10
244822,10
245130,10
245207,10
246172,10
247296,10
249094,10
249546,10
250793,10
251550,10
254083,10
254784,10
257740,10
258492,10
260334,10
261311,10
261381,10
261727,10
263665,10
263696,10
265382,10
265399,10
268278,10
268626,10
269109,10
269785,10
274740,10
277817,10
278540,10
279064,10
280771,10
282321,10
282838,10
283280,10
283527,10
283759,10
284708,10
286486,10
289251,10
291980,10
292076,10
292179,10
294543,10
297154,10
297727,10
298435,10
298884,10
302548,10
302692,10
306077,10
309354,10
311840,10
312189,10
316992,10
317053,10
317453,10
317546,10
318332,10
318608,10
318947,10
319420,10
319548,10
322954,10
323967,10
324316,10
324498,10
327360,10
327524,10
328825,10
328855,10
329848,10
329853,10
329968,10
330426,10
332628,10
332882,10
333041,10
333104,10
335836,10
336610,10
337345,10
338759,10
339077,10
340004,10
340205,10
340732,10
341098,10
341570,10
341571,10
342170,10
342257,10
342369,10
344156,10
344409,10
347515,10
349051,10
349753,10
350002,10
356761,10
358211,10
358358,10
359553,10
359644,10
360002,10
361002,10
361528,10
363862,10
364395,10
364822,10
367068,10
368369,10
370100,10
371203,10
371660,10
372565,10
373231,10
373432,10
373822,10
374920,10
374983,10
375621,10
376245,10
377312,10
377530,10
377795,10
378103,10
380706,10
381707,10
382012,10
382890,10
384706,10
387213,10
388387,10
388404,10
388461,10
388982,10
390503,10
391401,10
393244,10
394337,10
395368,10
395711,10
396432,10
398001,10
399271,10
400255,10
400429,10
401288,10
404436,10
404460,10
408527,10
410043,10
410229,10
410864,10
410885,10
414809,10
415282,10
415377,10
415888,10
416750,10
417042,10
419422,10
419667,10
421266,10
423323,10
425162,10
425575,10
427013,10
428024,10
429840,10
433385,10
435268,10
435341,10
435966,10
439127,10
439531,10
441845,10
442204,10
443086,10
444676,10
446048,10
446977,10
447010,10
447609,10
447760,10
448103,10
448125,10
449014,10
449619,10
452921,10
457313,10
457919,10
459395,10
460612,10
462063,10
463526,10
463539,10
464732,10
465172,10
465185,10
466257,10
467095,10
468854,10
469143,10
469664,10
469684,10
472844,10
474446,10
474532,10
475190,10
475340,10
476277,10
476301,10
477555,10
477605,10
477961,10
478328,10
479078,10
480254,10
480444,10
480771,10
481033,10
481048,10
481142,10
483051,10
483586,10
484398,10
485087,10
486572,10
487949,10
488141,10
489227,10
491612,10
492093,10
492463,10
492513,10
494466,10
494480,10
497213,10
497533,10
498108,10
500133,10
500523,10
502096,10
503093,10
503698,10
503920,10
505694,10
509134,10
509349,10
509926,10
511260,10
511513,10
511890,10
516043,10
517948,10
518812,10
518819,10
519547,10
519657,10
520420,10
520569,10
520633,10
523434,10
524511,10
525890,10
526233,10
526471,10
526543,10
526587,10
528826,10
528902,10
531871,10
532098,10
533197,10
534635,10
535618,10
535862,10
536520,10
537111,10
537380,10
537519,10
538232,10
539528,10
541576,10
544307,10
546406,10
546642,10
2288,11
4388,11
5929,11
8565,11
10092,11
12628,11
13255,11
14384,11
18994,11
21898,11
23028,11
23039,11
23201,11
27774,11
33891,11
36818,11
40490,11
42502,11
43094,11
56204,11
56646,11
56836,11
58596,11
58678,11
59715,11
60190,11
60192,11
60197,11
61331,11
61372,11
65311,11
66690,11
67238,11
80898,11
82879,11
85004,11
87723,11
89780,11
98113,11
99154,11
101364,11
101629,11
104219,11
105348,11
105350,11
105351,11
108551,11
111628,11
111634,11
113120,11
114415,11
114830,11
116714,11
118900,11
119053,11
121138,11
121139,11
121140,11
121749,11
123716,11
127138,11
130882,11
131102,11
131690,11
133459,11
136547,11
137034,11
138252,11
142693,11
142858,11
149270,11
157500,11
162250,11
163132,11
163138,11
163139,11
163141,11
163148,11
170116,11
170917,11
171339,11
171520,11
172366,11
172374,11
172377,11
172379,11
172494,11
172503,11
180746,11
180854,11
183961,11
186147,11
187351,11
188312,11
188437,11
194403,11
195191,11
205180,11
208428,11
210060,11
215575,11
217798,11
221213,11
227905,11
228483,11
228835,11
228839,11
237881,11
238193,11
239441,11
239879,11
241928,11
243484,11
243845,11
244581,11
253880,11
256946,11
259162,11
260307,11
262701,11
271473,11
272838,11
273086,11
274719,11
275834,11
279540,11
281998,11
282473,11
284461,11
284463,11
284467,11
284472,11
285399,11
286012,11
288146,11
298104,11
300214,11
301062,11
303105,11
310402,11
310657,11
312678,11
313516,11
315563,11
315565,11
316784,11
318278,11
321098,11
327229,11
327306,11
329738,11
330488,11
334337,11
338218,11
338500,11
338752,11
341078,11
342311,11
343942,11
346904,11
350237,11
350622,11
352367,11
354612,11
356720,11
360997,11
370743,11
372996,11
382916,11
384942,11
388601,11
389979,11
405109,11
413815,11
413821,11
417732,11
417886,11
421518,11
426360,11
429072,11
430660,11
436775,11
464798,11
473576,11
476993,11
481649,11
485320,11
485499,11
487444,11
489416,11
490098,11
490122,11
492828,11
493128,11
493612,11
501375,11
516549,11
518462,11
520153,11
521037,11
531055,11
531328,11
532751,11
534143,11
536084,11
538460,11
539000,11
539456,11
541162,11
543284,11
544288,11
544572,11
544603,11
545015,11
545047,11
545288,11
545482,11
545724,11
546056,11
546139,11
546183,11
546226,11
546284,11
546325,11
546478,11
546539,11
546540,11
546552,11
546674,11
546676,11
546766,11
546953,11
547060,11
547333,11
547335,11
547339,11
547463,11
547549,11
547553,11
547700,11
547738,11
548067,11
548169,11
2058,12
5463,12
7805,12
9886,12
14389,12
14397,12
14530,12
14700,12
14951,12
21526,12
22059,12
24296,12
34192,12
41932,12
43807,12
54618,12
56844,12
59448,12
59906,12
62107,12
76359,12
79879,12
81269,12
82574,12
89356,12
92854,12
103976,12
112563,12
116687,12
121134,12
121206,12
127562,12
131062,12
137061,12
138425,12
142833,12
149534,12
159436,12
160546,12
163161,12
163462,12
186000,12
194208,12
194244,12
204733,12
209114,12
209814,12
216268,12
217536,12
229409,12
234132,12
234481,12
249826,12
261657,12
265676,12
283985,12
298084,12
325628,12
349979,12
366918,12
383156,12
383799,12
392854,12
405471,12
407643,12
410939,12
419199,12
423667,12
426817,12
439226,12
450685,12
461504,12
472243,12
477627,12
481358,12
481568,12
481572,12
499504,12
507863,12
523889,12
524432,12
536331,12
536560,12
540191,12
542762,12
542800,12
544580,12
545023,12
545841,12
546836,12
547100,12
547149,12
547239,12
547483,12
547594,12
547595,12
547635,12
548318,12
548351,12
3293,13
4839,13
9640,13
10956,13
12403,13
12785,13
14387,13
15908,13
18262,13
19640,13
21302,13
22235,13
29491,13
30320,13
31218,13
33194,13
33195,13
36015,13
38600,13
42060,13
48241,13
54615,13
55485,13
55536,13
56439,13
56444,13
56446,13
56447,13
56676,13
59474,13
59513,13
60740,13
61447,13
62425,13
65447,13
69654,13
71528,13
72446,13
74555,13
76201,13
76203,13
82578,13
82579,13
82971,13
86701,13
88156,13
89389,13
93344,13
94427,13
96587,13
96772,13
99225,13
100178,13
100250,13
102715,13
102817,13
108580,13
109116,13
110764,13
112010,13
113130,13
113184,13
115262,13
116726,13
117522,13
117570,13
118063,13
120021,13
121128,13
121132,13
121202,13
124703,13
128598,13
129042,13
133312,13
134180,13
136247,13
137887,13
137929,13
141422,13
144787,13
147090,13
149546,13
149549,13
152828,13
158023,13
161227,13
167120,13
169081,13
174123,13
176022,13
186182,13
187997,13
190282,13
190614,13
194372,13
207479,13
208254,13
210553,13
210912,13
210914,13
210915,13
211176,13
211993,13
213127,13
214042,13
220904,13
224848,13
228469,13
229410,13
233054,13
233447,13
234658,13
234903,13
238137,13
238140,13
238141,13
238143,13
238144,13
238711,13
238763,13
240422,13
246070,13
246352,13
248121,13
251471,13
252057,13
252851,13
259825,13
260246,13
262512,13
266572,13
268061,13
272081,13
273256,13
274887,13
275557,13
277045,13
277172,13
277253,13
283928,13
284524,13
287293,13
293174,13
293605,13
299833,13
301022,13
307061,13
312746,13
315923,13
316565,13
317409,13
317970,13
318646,13
318708,13
319216,13
324729,13
327158,13
335631,13
337104,13
337486,13
338630,13
344878,13
345262,13
347079,13
349608,13
355276,13
355381,13
355597,13
355734,13
356031,13
356267,13
359030,13
359558,13
360847,13
361285,13
361590,13
365603,13
369070,13
384167,13
385569,13
386603,13
387144,13
387307,13
389118,13
395806,13
397849,13
400716,13
400726,13
400727,13
400961,13
409673,13
410236,13
413799,13
415606,13
420393,13
422021,13
431534,13
432246,13
442906,13
445123,13
451841,13
453053,13
454943,13
460270,13
461361,13
463652,13
463707,13
464739,13
473274,13
475721,13
476505,13
481834,13
482402,13
483545,13
484176,13
490288,13
491047,13
498098,13
501126,13
504073,13
507907,13
508348,13
508537,13
511312,13
512701,13
514711,13
520421,13
522901,13
523401,13
525233,13
527615,13
530079,13
531864,13
532423,13
533719,13
537961,13
539358,13
540747,13
542156,13
542812,13
542968,13
543558,13
544051,13
544061,13
544547,13
544548,13
544551,13
545544,13
545581,13
545835,13
546113,13
546356,13
546357,13
546423,13
546492,13
546752,13
546813,13
546863,13
546989,13
547177,13
547581,13
548030,13
548433,13
3376,14
12044,14
16481,14
17233,14
17276,14
24650,14
26116,14
27590,14
29934,14
30519,14
32926,14
37524,14
42537,14
50823,14
52990,14
54878,14
56310,14
57914,14
58978,14
59616,14
61470,14
65724,14
68023,14
72629,14
73840,14
75108,14
76568,14
77076,14
87506,14
95392,14
97719,14
99397,14
101538,14
102553,14
104076,14
119098,14
124699,14
127699,14
129102,14
131570,14
131644,14
134294,14
135480,14
139082,14
139769,14
144840,14
145365,14
148957,14
149342,14
153390,14
159606,14
163808,14
175999,14
178268,14
178374,14
183012,14
195369,14
197735,14
203524,14
205660,14
210420,14
216299,14
224367,14
229415,14
229424,14
237740,14
242899,14
243866,14
244597,14
246572,14
246998,14
247193,14
249672,14
254074,14
257687,14
259845,14
262716,14
264597,14
264978,14
269512,14
278892,14
279705,14
283923,14
289269,14
289460,14
294579,14
296286,14
302424,14
304223,14
304943,14
311028,14
313037,14
316134,14
320511,14
334234,14
334977,14
343546,14
348601,14
352658,14
354195,14
355042,14
355444,14
355693,14
361180,14
362131,14
362379,14
367714,14
368212,14
372548,14
374286,14
376671,14
380798,14
383286,14
385560,14
389136,14
393952,14
400608,14
403224,14
403339,14
405834,14
408413,14
415034,14
420639,14
427787,14
433299,14
438678,14
447864,14
450247,14
450291,14
452476,14
456301,14
456379,14
460249,14
464964,14
465382,14
468268,14
477887,14
482148,14
493977,14
503769,14
504378,14
506682,14
507909,14
508482,14
513209,14
517788,14
520351,14
524514,14
527152,14
528571,14
529793,14
530318,14
532839,14
535844,14
536141,14
538325,14
542030,14
543393,14
1875,15
8116,15
18459,15
27944,15
35992,15
36219,15
52250,15
73577,15
77626,15
84966,15
117802,15
118132,15
128188,15
163299,15
185365,15
191172,15
192886,15
210324,15
224853,15
228910,15
231404,15
248238,15
251926,15
263152,15
265219,15
272482,15
274394,15
276235,15
301802,15
308631,15
321769,15
324329,15
331652,15
333376,15
335805,15
359159,15
364287,15
371240,15
373341,15
374665,15
377295,15
377343,15
387792,15
398026,15
401450,15
404665,15
405765,15
419111,15
434836,15
435171,15
435864,15
436378,15
437428,15
447370,15
454525,15
454785,15
456916,15
457392,15
477257,15
485359,15
499932,15
503415,15
504662,15
506614,15
512325,15
516370,15
525413,15
529115,15
530716,15
531541,15
534970,15
540119,15
786,16
3655,16
4282,16
4638,16
6510,16
7152,16
13409,16
13657,16
14681,16
22030,16
22600,16
24023,16
26140,16
27568,16
33929,16
34032,16
34293,16
37711,16
42594,16
48210,16
48491,16
49126,16
51919,16
55885,16
56235,16
56577,16
60219,16
67741,16
68383,16
72833,16
75507,16
80984,16
81468,16
81567,16
82675,16
85140,16
87082,16
90506,16
98060,16
98556,16
100467,16
102461,16
106635,16
108166,16
108465,16
109021,16
110246,16
121724,16
122618,16
123601,16
133543,16
145458,16
146279,16
148945,16
149811,16
156357,16
163893,16
163909,16
171882,16
171937,16
175952,16
176724,16
180671,16
186674,16
189285,16
190613,16
191674,16
194690,16
196923,16
197023,16
198998,16
201270,16
202257,16
206873,16
207865,16
210040,16
212865,16
216254,16
216261,16
217955,16
222311,16
227758,16
231253,16
231389,16
233646,16
239754,16
240104,16
243953,16
258507,16
260655,16
261855,16
262817,16
263368,16
263645,16
266242,16
268133,16
268180,16
268939,16
270863,16
273230,16
274727,16
276808,16
277025,16
277729,16
279910,16
281217,16
285807,16
286056,16
287098,16
295619,16
299233,16
300125,16
301275,16
302180,16
303029,16
303437,16
308636,16
309546,16
311120,16
311121,16
311123,16
311124,16
312279,16
313160,16
321422,16
325156,16
329240,16
329424,16
332885,16
333195,16
347224,16
350484,16
350865,16
353191,16
353797,16
355005,16
361569,16
368424,16
370135,16
371899,16
374543,16
380315,16
382421,16
394496,16
402162,16
404213,16
404417,16
406564,16
408999,16
410931,16
414764,16
415985,16
419002,16
425833,16
426925,16
429679,16
433150,16
441811,16
447508,16
451835,16
458096,16
458863,16
463355,16
469971,16
471647,16
477368,16
485068,16
491467,16
491680,16
494911,16
499499,16
500661,16
500978,16
503948,16
507133,16
508439,16
509726,16
511590,16
513692,16
516802,16
518358,16
521965,16
523331,16
523598,16
524969,16
525515,16
526387,16
528832,16
529301,16
530139,16
533063,16
535100,16
535858,16
537066,16
538182,16
541415,16
543023,16
543198,16
543854,16
544341,16
544481,16
544654,16
545289,16
545306,16
545722,16
546012,16
546501,16
546680,16
546800,16
547249,16
547282,16
547654,16
548004,16
548381,16
59,17
2715,17
6246,17
12340,17
17673,17
18232,17
18914,17
19205,17
19870,17
19921,17
20572,17
22274,17
22275,17
22276,17
22279,17
22506,17
26257,17
28313,17
30925,17
33407,17
33716,17
35300,17
38141,17
39298,17
40113,17
41767,17
42084,17
43254,17
43275,17
43397,17
46443,17
47751,17
47753,17
47755,17
47757,17
51111,17
51360,17
51813,17
52894,17
58396,17
58821,17
59449,17
59463,17
59464,17
59799,17
62469,17
63116,17
63212,17
67378,17
69846,17
72641,17
74222,17
75422,17
76082,17
77952,17
78249,17
82235,17
83939,17
84976,17
88570,17
89400,17
90517,17
91063,17
91155,17
91380,17
92301,17
92303,17
93767,17
95713,17
95716,17
96590,17
100491,17
102488,17
102979,17
103177,17
108098,17
108499,17
109410,17
110760,17
112108,17
113180,17
114376,17
114800,17
115540,17
115943,17
117069,17
119407,17
119904,17
123779,17
124624,17
126867,17
127576,17
128063,17
128067,17
130223,17
131933,17
132866,17
133702,17
135754,17
136200,17
136203,17
136206,17
136207,17
137068,17
138503,17
139452,17
143327,17
144105,17
144206,17
149559,17
151362,17
153000,17
155155,17
156754,17
157505,17
159467,17
160798,17
161903,17
161914,17
161917,17
161919,17
161923,17
161926,17
162077,17
163033,17
163460,17
164285,17
164828,17
166626,17
166657,17
167598,17
168575,17
171516,17
174557,17
175918,17
177730,17
179052,17
179640,17
182064,17
182211,17
182212,17
182969,17
183067,17
188039,17
192475,17
194736,17
195266,17
196210,17
199045,17
206931,17
207127,17
210456,17
211269,17
211697,17
211834,17
212084,17
214442,17
218678,17
219712,17
219722,17
222646,17
222991,17
223212,17
226054,17
226083,17
226999,17
228167,17
228976,17
232529,17
233468,17
235268,17
235338,17
235383,17
235535,17
237034,17
238139,17
240443,17
242444,17
243909,17
244664,17
247109,17
247648,17
249382,17
251641,17
252603,17
252950,17
254006,17
255683,17
255997,17
256567,17
257621,17
257946,17
258346,17
259623,17
260605,17
262789,17
264142,17
265756,17
266731,17
266989,17
271452,17
274197,17
274815,17
277265,17
277271,17
277903,17
279913,17
280389,17
280919,17
280924,17
280926,17
281034,17
281988,17
282758,17
283321,17
286134,17
286750,17
287418,17
288462,17
290120,17
292108,17
292189,17
293753,17
296775,17
296993,17
298850,17
299918,17
301027,17
308201,17
309082,17
312586,17
318136,17
319026,17
320614,17
320895,17
321825,17
323076,17
323288,17
330459,17
330963,17
337017,17
339301,17
340052,17
345918,17
353691,17
353931,17
354526,17
355043,17
356608,17
356820,17
361570,17
361758,17
362240,17
366345,17
366359,17
366872,17
368926,17
368944,17
369948,17
370004,17
375506,17
379410,17
379746,17
383608,17
386170,17
388447,17
388463,17
392911,17
398650,17
398827,17
399901,17
402391,17
402820,17
403646,17
407059,17
409765,17
412430,17
413008,17
413949,17
417871,17
420964,17
422383,17
422631,17
424006,17
425592,17
427833,17
428751,17
435889,17
436448,17
440915,17
442586,17
442639,17
443329,17
443821,17
444094,17
444841,17
446637,17
447221,17
450718,17
452872,17
455055,17
457627,17
458563,17
459153,17
460095,17
466267,17
469510,17
469642,17
470586,17
472298,17
473778,17
473829,17
475727,17
476522,17
476806,17
480496,17
480784,17
481089,17
481164,17
481190,17
481267,17
489574,17
490270,17
493042,17
496874,17
501161,17
501902,17
502805,17
503594,17
506579,17
506882,17
508033,17
508910,17
509465,17
509755,17
514587,17
515590,17
516874,17
516876,17
517308,17
520026,17
522415,17
522849,17
524084,17
525968,17
528316,17
528562,17
529188,17
529739,17
530643,17
531181,17
534773,17
537110,17
537412,17
537413,17
537414,17
537433,17
537960,17
538982,17
539453,17
539510,17
539818,17
542425,17
542888,17
543130,17
543232,17
543552,17
543553,17
544062,17
544108,17
544160,17
544340,17
544419,17
544468,17
544573,17
544574,17
544616,17
544665,17
545038,17
545039,17
545385,17
545415,17
545504,17
545514,17
545519,17
545781,17
545814,17
545832,17
545842,17
546021,17
546048,17
546049,17
546057,17
546098,17
546133,17
546359,17
546362,17
546472,17
546566,17
546822,17
546848,17
546873,17
547023,17
547056,17
547115,17
547212,17
547213,17
547222,17
547320,17
547441,17
547443,17
547645,17
547932,17
547976,17
548074,17
548282,17
548350,17
548452,17
548470,17
20046,18
21555,18
46460,18
57317,18
63128,18
88202,18
100546,18
109563,18
133861,18
133863,18
158581,18
174130,18
178534,18
182209,18
213142,18
213143,18
231360,18
273073,18
278891,18
299461,18
333275,18
360513,18
360515,18
362820,18
372680,18
386067,18
386069,18
429220,18
457608,18
485876,18
486296,18
487483,18
510787,18
530778,18
535842,18
1684,19
4473,19
12363,19
12996,19
13340,19
14503,19
15278,19
19496,19
21300,19
21354,19
27726,19
28819,19
31664,19
33432,19
34820,19
35416,19
35656,19
36227,19
39982,19
40186,19
41552,19
43776,19
53516,19
55971,19
57995,19
59026,19
60346,19
60386,19
63426,19
65170,19
67524,19
68066,19
68824,19
70037,19
84440,19
84702,19
85371,19
87084,19
87371,19
87440,19
88909,19
91978,19
92725,19
95789,19
97833,19
100860,19
109232,19
112016,19
112436,19
113710,19
113789,19
118503,19
119941,19
120739,19
122673,19
125532,19
137769,19
139497,19
140128,19
141584,19
142423,19
142842,19
143730,19
146789,19
149837,19
152906,19
153593,19
155347,19
157254,19
160025,19
162125,19
162135,19
162398,19
164311,19
170215,19
175112,19
176615,19
177863,19
179696,19
181363,19
183195,19
183584,19
185254,19
185257,19
187430,19
187974,19
188756,19
189316,19
191406,19
192751,19
195313,19
198627,19
202059,19
203338,19
203989,19
205491,19
206905,19
209737,19
212003,19
217549,19
217585,19
217587,19
220707,19
220854,19
226750,19
227055,19
227389,19
228485,19
229491,19
230747,19
233316,19
234692,19
234781,19
235493,19
245564,19
246076,19
246386,19
249798,19
252208,19
258226,19
258434,19
264337,19
266962,19
267894,19
270470,19
271172,19
271510,19
271514,19
271592,19
271953,19
277429,19
287882,19
292786,19
299107,19
307786,19
324643,19
327409,19
351175,19
352358,19
360516,19
362036,19
362194,19
364619,19
367661,19
368326,19
376104,19
382695,19
385298,19
395778,19
402161,19
408183,19
421659,19
422713,19
427749,19
430379,19
432847,19
444954,19
445393,19
445394,19
447781,19
450341,19
452375,19
452377,19
454584,19
457797,19
458501,19
461998,19
475914,19
484439,19
497726,19
500197,19
504074,19
504453,19
511333,19
512125,19
512136,19
514802,19
516914,19
521425,19
528193,19
529632,19
532406,19
534666,19
535456,19
536252,19
536840,19
537954,19
538352,19
538499,19
539272,19
541361,19
542222,19
542280,19
542445,19
542570,19
542933,19
543184,19
543270,19
543587,19
544263,19
544336,19
544375,19
544378,19
544387,19
544528,19
544536,19
544652,19
544695,19
544740,19
544990,19
545137,19
545158,19
545304,19
545393,19
545407,19
545615,19
545640,19
545830,19
545839,19
545889,19
545991,19
546008,19
546018,19
546212,19
546213,19
546214,19
546225,19
546306,19
546434,19
546756,19
546855,19
546864,19
547391,19
547399,19
547405,19
547419,19
547420,19
547450,19
547534,19
547543,19
547557,19
547589,19
547590,19
547611,19
547756,19
547983,19
548052,19
548064,19
548296,19
548337,19
548373,19
548394,19
1814,20
4828,20
16182,20
21692,20
28136,20
28339,20
30645,20
31892,20
41659,20
43542,20
53279,20
54792,20
57152,20
57456,20
59179,20
65506,20
67679,20
67748,20
70425,20
70518,20
72224,20
82014,20
83892,20
83944,20
88109,20
89225,20
94360,20
95349,20
97057,20
105355,20
106450,20
108408,20
108749,20
110762,20
118940,20
129739,20
149258,20
150015,20
150241,20
152591,20
157517,20
158610,20
159407,20
159426,20
160572,20
163077,20
168331,20
168785,20
170170,20
172658,20
178348,20
178780,20
179823,20
183675,20
186985,20
187152,20
193967,20
194705,20
195233,20
199665,20
200827,20
222941,20
224112,20
225655,20
235481,20
237599,20
242163,20
244675,20
268988,20
269172,20
273475,20
275262,20
281993,20
284394,20
285028,20
286704,20
295391,20
299499,20
312446,20
315633,20
317068,20
330468,20
333002,20
336762,20
339048,20
342401,20
344027,20
344242,20
347888,20
348446,20
350604,20
356136,20
359099,20
360522,20
361168,20
363330,20
363970,20
365041,20
365527,20
365595,20
366181,20
371499,20
371740,20
372834,20
383403,20
391290,20
396872,20
397531,20
399303,20
405342,20
408818,20
415187,20
424343,20
424978,20
427544,20
431010,20
438654,20
441647,20
446305,20
448405,20
451137,20
452541,20
455549,20
457961,20
463254,20
474032,20
479559,20
481626,20
483557,20
484879,20
485388,20
489495,20
491807,20
493625,20
493850,20
497710,20
498397,20
504798,20
509488,20
510551,20
511519,20
517611,20
522781,20
524217,20
525532,20
526857,20
528708,20
531797,20
532932,20
540510,20
540771,20
542565,20
543337,20
543351,20
545127,20
2100,21
8582,21
9943,21
12441,21
13972,21
14782,21
16138,21
18094,21
18989,21
19102,21
20605,21
22567,21
28930,21
31735,21
33416,21
36118,21
36586,21
37987,21
37990,21
43727,21
44426,21
45193,21
47494,21
49420,21
55965,21
57161,21
58287,21
59223,21
59866,21
60872,21
65189,21
71472,21
75576,21
81461,21
82209,21
82972,21
83341,21
86379,21
88820,21
89090,21
97281,21
99500,21
103515,21
105465,21
109839,21
115683,21
120415,21
121627,21
123017,21
126678,21
129184,21
132039,21
133116,21
135335,21
137490,21
140202,21
141540,21
142991,21
148131,21
148135,21
158626,21
161755,21
163150,21
164389,21
169981,21
179592,21
182771,21
182965,21
182974,21
182999,21
183281,21
186376,21
194149,21
201020,21
201961,21
204016,21
209849,21
213090,21
215285,21
218263,21
222212,21
229174,21
231460,21
235322,21
240423,21
241570,21
248069,21
250135,21
250583,21
250585,21
253667,21
254134,21
264332,21
266168,21
269406,21
271627,21
276168,21
278225,21
279223,21
281557,21
284068,21
284517,21
295031,21
297835,21
297864,21
298704,21
301821,21
310859,21
315925,21
316953,21
317308,21
317479,21
323468,21
326979,21
331045,21
335916,21
338754,21
341370,21
343691,21
344547,21
346163,21
348280,21
353950,21
354297,21
360222,21
362515,21
363478,21
365764,21
371773,21
376325,21
377904,21
389984,21
392278,21
392812,21
405454,21
407513,21
414827,21
417534,21
426389,21
433392,21
440600,21
443532,21
446801,21
448599,21
464307,21
464366,21
464737,21
465145,21
480990,21
485283,21
488266,21
491602,21
497896,21
508400,21
512094,21
515036,21
519950,21
520907,21
524577,21
532459,21
533372,21
534501,21
535669,21
536535,21
543462,21
544220,21
544500,21
544508,21
545414,21
545545,21
545671,21
545776,21
545819,21
547444,21
547518,21
547841,21
547977,21
547981,21
548138,21
548196,21
548331,21
1881,22
6804,22
8248,22
10080,22
12079,22
15915,22
18379,22
28565,22
34202,22
34768,22
35058,22
35485,22
47416,22
48529,22
53789,22
54953,22
57849,22
64685,22
67376,22
76903,22
76913,22
78411,22
79181,22
85761,22
86370,22
87490,22
88568,22
88572,22
90462,22
95813,22
98034,22
103703,22
105402,22
106110,22
114194,22
115060,22
115499,22
116787,22
118600,22
122600,22
124203,22
125885,22
126182,22
127851,22
134126,22
134127,22
134129,22
134690,22
137055,22
138213,22
148082,22
156558,22
158141,22
158201,22
162500,22
164845,22
165157,22
165576,22
166574,22
166701,22
166705,22
170202,22
174530,22
180345,22
180356,22
185375,22
189289,22
191540,22
193192,22
194984,22
197399,22
205371,22
207241,22
207248,22
210406,22
210910,22
215603,22
215700,22
218412,22
224722,22
227731,22
228650,22
231519,22
231604,22
232023,22
234719,22
235334,22
237054,22
239442,22
240155,22
241193,22
244806,22
248710,22
250587,22
256029,22
259146,22
263967,22
266839,22
267113,22
267486,22
268914,22
269345,22
272175,22
273127,22
274736,22
275804,22
285068,22
285278,22
286097,22
288170,22
288188,22
288452,22
288454,22
290123,22
296776,22
300166,22
304614,22
311602,22
315362,22
320077,22
322925,22
324318,22
324567,22
327780,22
334238,22
336013,22
337490,22
338238,22
339162,22
345035,22
346020,22
346052,22
350189,22
354507,22
354509,22
358744,22
358794,22
362615,22
371258,22
376131,22
379158,22
382175,22
385507,22
387979,22
404919,22
407537,22
408732,22
409080,22
416582,22
418064,22
422023,22
424585,22
424766,22
426655,22
428890,22
428931,22
430040,22
435349,22
435882,22
445125,22
447307,22
447361,22
455858,22
458426,22
463587,22
469049,22
470858,22
475004,22
475795,22
478703,22
485026,22
486163,22
491173,22
493210,22
493212,22
495432,22
500237,22
501695,22
502641,22
505817,22
505821,22
505823,22
506612,22
517757,22
520682,22
521589,22
522837,22
526298,22
528042,22
531795,22
533010,22
533601,22
533729,22
534415,22
536689,22
538470,22
539502,22
542183,22
542684,22
543686,22
544304,22
544650,22
544984,22
545303,22
545573,22
545605,22
546060,22
546567,22
548076,22
548079,22
548125,22
251,23
7707,23
8250,23
8329,23
10626,23
11428,23
11841,23
12357,23
13438,23
13658,23
19715,23
26442,23
29031,23
29546,23
31821,23
33216,23
33941,23
36772,23
43733,23
53609,23
54534,23
54926,23
59073,23
61654,23
61663,23
62240,23
62767,23
63105,23
71277,23
76891,23
85538,23
86763,23
88227,23
89906,23
90597,23
92288,23
96391,23
97407,23
101489,23
101748,23
105352,23
105814,23
106143,23
108097,23
108107,23
108422,23
114307,23
115257,23
115504,23
115919,23
118866,23
120003,23
121126,23
124883,23
124953,23
128492,23
133845,23
133857,23
134470,23
135455,23
136205,23
136246,23
137082,23
137838,23
140602,23
143300,23
144695,23
145771,23
152287,23
155489,23
158024,23
158226,23
159785,23
161362,23
164058,23
166624,23
166970,23
167069,23
167551,23
167555,23
167604,23
169195,23
174842,23
178759,23
184219,23
184220,23
184606,23
186652,23
189040,23
193411,23
195322,23
197795,23
201840,23
206397,23
206620,23
208386,23
210528,23
210920,23
213521,23
215545,23
216349,23
220379,23
223300,23
225935,23
227688,23
230682,23
231534,23
232421,23
235006,23
235457,23
242942,23
246069,23
246357,23
249545,23
252943,23
256283,23
256386,23
258256,23
260575,23
261591,23
263906,23
263919,23
265818,23
271031,23
272343,23
273250,23
273289,23
276642,23
276660,23
276668,23
280395,23
281103,23
292760,23
295502,23
295778,23
297625,23
301713,23
310228,23
312947,23
314931,23
316864,23
318505,23
319700,23
331915,23
333407,23
334089,23
338988,23
339588,23
342085,23
342130,23
346035,23
346166,23
346636,23
347069,23
348006,23
351890,23
351997,23
355003,23
355564,23
361567,23
362234,23
365252,23
368064,23
368670,23
370045,23
375921,23
377958,23
384507,23
385143,23
386415,23
394906,23
405231,23
406492,23
409051,23
411568,23
412865,23
419010,23
419573,23
420511,23
421872,23
423414,23
424645,23
425306,23
426666,23
427968,23
427975,23
431319,23
434216,23
434329,23
434746,23
434927,23
449861,23
451866,23
452075,23
452740,23
452820,23
461787,23
466201,23
469321,23
469729,23
472819,23
480291,23
481091,23
483847,23
485508,23
487702,23
494220,23
496130,23
499207,23
499208,23
505163,23
508417,23
510175,23
511311,23
512352,23
517497,23
517563,23
521323,23
521426,23
521963,23
524850,23
533119,23
533143,23
533909,23
534719,23
536381,23
537443,23
537925,23
538368,23
538926,23
540803,23
541379,23
542416,23
542520,23
543078,23
543579,23
543594,23
544427,23
544903,23
544983,23
544996,23
545035,23
545334,23
545350,23
545796,23
545901,23
546102,23
546106,23
546174,23
546341,23
546421,23
546426,23
546503,23
546600,23
546601,23
546777,23
546912,23
547241,23
547242,23
547269,23
547298,23
547325,23
547475,23
547727,23
547793,23
5180,24
5315,24
5473,24
5568,24
8300,24
9804,24
11237,24
11364,24
12000,24
13149,24
13928,24
14380,24
15279,24
17098,24
18294,24
18714,24
18931,24
19388,24
19926,24
20390,24
21427,24
22496,24
22595,24
23514,24
24037,24
24039,24
27995,24
31258,24
32031,24
33570,24
33830,24
35006,24
35368,24
35370,24
35822,24
38950,24
39040,24
39458,24
39760,24
40962,24
41771,24
41786,24
42086,24
43826,24
47100,24
48835,24
49673,24
50483,24
52077,24
53073,24
54071,24
54320,24
55147,24
56479,24
58764,24
58902,24
61655,24
61715,24
63361,24
64225,24
64259,24
65084,24
65937,24
66972,24
67122,24
69103,24
70052,24
70250,24
70333,24
71040,24
74283,24
74841,24
76822,24
76835,24
77922,24
77992,24
79771,24
81426,24
83157,24
83642,24
84605,24
84711,24
85615,24
88069,24
89489,24
89492,24
89497,24
92064,24
96249,24
96683,24
98036,24
98038,24
99615,24
102176,24
104626,24
107927,24
108049,24
109174,24
109411,24
110659,24
110759,24
117205,24
118012,24
118602,24
118604,24
122779,24
125074,24
125181,24
126911,24
128118,24
128317,24
128353,24
129181,24
132741,24
132744,24
134398,24
136198,24
136604,24
136750,24
137859,24
138496,24
138839,24
140890,24
141756,24
142471,24
142792,24
142883,24
143653,24
143675,24
143855,24
144205,24
145633,24
145850,24
146863,24
148369,24
150594,24
151842,24
154067,24
157553,24
158200,24
158233,24
158317,24
159285,24
160232,24
160610,24
161501,24
162866,24
163137,24
167233,24
168117,24
170373,24
171951,24
172662,24
174121,24
174470,24
174798,24
175449,24
175905,24
175965,24
176877,24
178663,24
180416,24
180738,24
180960,24
181520,24
182970,24
183816,24
184022,24
184198,24
184223,24
184230,24
184233,24
185826,24
186533,24
186791,24
187300,24
188860,24
190746,24
190793,24
194622,24
194623,24
194624,24
194626,24
194628,24
195153,24
195312,24
196284,24
196783,24
199554,24
199694,24
200909,24
201595,24
207424,24
207439,24
209177,24
210911,24
210921,24
212058,24
213152,24
219356,24
219716,24
219729,24
219730,24
219827,24
220977,24
221107,24
221496,24
222877,24
223036,24
224437,24
224532,24
226154,24
227140,24
227395,24
227964,24
228318,24
228427,24
228472,24
228476,24
230040,24
230239,24
230420,24
231522,24
232740,24
234615,24
235876,24
236806,24
238585,24
240068,24
242311,24
243029,24
243110,24
243627,24
244610,24
244784,24
245575,24
246327,24
246503,24
246586,24
247551,24
250039,24
250619,24
251706,24
252166,24
253129,24
254305,24
257620,24
257667,24
258517,24
259708,24
260471,24
260943,24
261219,24
261582,24
261583,24
261584,24
261590,24
263033,24
264292,24
266706,24
267687,24
267701,24
267985,24
269084,24
271584,24
271847,24
271947,24
273245,24
273246,24
273273,24
273307,24
273946,24
274456,24
275623,24
277233,24
280017,24
280272,24
281765,24
285168,24
286632,24
288063,24
289703,24
290353,24
291722,24
292632,24
293041,24
294136,24
295082,24
298431,24
299242,24
299543,24
300503,24
301463,24
301839,24
301923,24
303031,24
305046,24
305202,24
309492,24
309657,24
310460,24
311530,24
314942,24
315582,24
323118,24
323530,24
324920,24
329400,24
333380,24
334859,24
336948,24
338118,24
343039,24
344159,24
345966,24
345993,24
346884,24
348174,24
354186,24
355236,24
356951,24
358210,24
358700,24
359529,24
359744,24
361681,24
362609,24
362865,24
366629,24
366733,24
367357,24
368025,24
369109,24
373060,24
377430,24
378658,24
379824,24
381352,24
382607,24
382900,24
385046,24
385415,24
386360,24
391225,24
391542,24
391837,24
395123,24
395922,24
397663,24
397938,24
398682,24
398904,24
399604,24
402927,24
403095,24
404399,24
405237,24
412568,24
412867,24
414059,24
414079,24
414238,24
415818,24
416264,24
419129,24
423402,24
426181,24
426295,24
426296,24
427956,24
428087,24
428233,24
428734,24
428735,24
429720,24
429881,24
431570,24
431693,24
432100,24
434941,24
435731,24
435755,24
438429,24
440922,24
443724,24
445135,24
448251,24
450331,24
454277,24
455451,24
456223,24
459849,24
462159,24
462443,24
462983,24
463284,24
464972,24
466318,24
467609,24
467771,24
468170,24
468269,24
469185,24
471321,24
473666,24
475118,24
475520,24
477271,24
480266,24
483605,24
483751,24
484517,24
484543,24
484983,24
486552,24
488706,24
488958,24
490606,24
491249,24
492666,24
495274,24
495902,24
496241,24
499076,24
501310,24
501786,24
503518,24
503844,24
504090,24
504102,24
505876,24
506080,24
506295,24
506447,24
507437,24
508870,24
511616,24
515323,24
516386,24
517193,24
517934,24
520898,24
521429,24
522869,24
523328,24
523641,24
523777,24
525047,24
525800,24
525850,24
526162,24
528529,24
528827,24
530253,24
531519,24
532822,24
533312,24
534645,24
534794,24
535066,24
535267,24
535921,24
536632,24
536928,24
537898,24
538363,24
539526,24
540899,24
542108,24
542370,24
542383,24
542586,24
542999,24
543001,24
543252,24
544178,24
544525,24
544597,24
544602,24
544649,24
544655,24
544686,24
544967,24
545077,24
545257,24
545386,24
545410,24
545439,24
545490,24
545756,24
545773,24
545828,24
546374,24
546736,24
547064,24
547066,24
547148,24
547195,24
547244,24
547292,24
547412,24
547529,24
547592,24
547661,24
547662,24
547878,24
547969,24
548031,24
548078,24
548085,24
548091,24
548185,24
548280,24
548305,24
3380,25
27719,25
27747,25
30592,25
34302,25
34931,25
37661,25
48132,25
83632,25
83764,25
112719,25
114737,25
119229,25
140702,25
146556,25
147314,25
157088,25
171950,25
234663,25
240415,25
247067,25
270548,25
276142,25
284748,25
291207,25
301538,25
304144,25
306876,25
308114,25
334208,25
375148,25
384335,25
410262,25
428620,25
433498,25
433823,25
517801,25
529173,25
539927,25
544124,25
545602,25
546933,25
548408,25
1880,26
3369,26
4213,26
5089,26
10176,26
11344,26
11483,26
12163,26
15016,26
20637,26
21345,26
21895,26
22283,26
28583,26
34864,26
35466,26
39498,26
41683,26
42679,26
43311,26
44914,26
46882,26
54172,26
56950,26
58051,26
58866,26
59556,26
64419,26
67457,26
71913,26
74138,26
80134,26
85368,26
86053,26
89317,26
90574,26
91686,26
91907,26
92121,26
93100,26
96475,26
97177,26
97790,26
98500,26
100374,26
102274,26
104265,26
105429,26
108196,26
113470,26
113707,26
127168,26
127400,26
134271,26
138124,26
138259,26
142198,26
142736,26
144209,26
145275,26
150053,26
151467,26
155678,26
158224,26
158336,26
159677,26
162614,26
163384,26
166635,26
166775,26
169374,26
171633,26
173615,26
174504,26
178219,26
179082,26
180071,26
184196,26
193467,26
193471,26
193475,26
193481,26
193487,26
201876,26
208378,26
209671,26
209895,26
212441,26
215419,26
215420,26
215616,26
217112,26
218602,26
219815,26
237612,26
238867,26
239544,26
239606,26
244779,26
245891,26
246706,26
250906,26
251922,26
252131,26
257241,26
261602,26
262379,26
264733,26
264735,26
265421,26
267233,26
269776,26
273921,26
274061,26
274123,26
275017,26
276188,26
280127,26
280447,26
280840,26
283674,26
283957,26
293126,26
295680,26
297383,26
306732,26
309218,26
310618,26
312095,26
312771,26
316185,26
317589,26
317613,26
325864,26
326602,26
326700,26
332693,26
335381,26
340604,26
342449,26
344780,26
350022,26
355007,26
355746,26
361686,26
366184,26
366487,26
370353,26
373788,26
376191,26
377834,26
378635,26
381703,26
383171,26
384353,26
385299,26
387282,26
389884,26
392844,26
394460,26
394499,26
394867,26
400057,26
407324,26
408164,26
412565,26
417434,26
417814,26
425701,26
434463,26
438640,26
440501,26
441675,26
443387,26
444155,26
451218,26
453573,26
461838,26
464595,26
465187,26
471302,26
476417,26
479389,26
480738,26
486466,26
487196,26
492079,26
492397,26
492825,26
492826,26
492830,26
493890,26
494704,26
495661,26
499887,26
500845,26
500988,26
502631,26
505839,26
510344,26
516096,26
516348,26
516412,26
518103,26
520074,26
524030,26
524926,26
526052,26
528087,26
532686,26
533585,26
537223,26
538791,26
538793,26
542846,26
543230,26
543595,26
543658,26
543814,26
543817,26
543818,26
544077,26
544203,26
544521,26
545011,26
545520,26
546059,26
546448,26
546487,26
546508,26
546918,26
547523,26
547699,26
547796,26
547899,26
547933,26
548013,26
34796,27
54303,27
84130,27
133123,27
145950,27
153665,27
185793,27
185985,27
188556,27
200872,27
207219,27
209466,27
240222,27
250869,27
340498,27
392898,27
445386,27
5996,28
6932,28
15397,28
21346,28
21347,28
22287,28
30119,28
35906,28
38070,28
42038,28
49513,28
57137,28
64285,28
70865,28
72153,28
79572,28
79715,28
83348,28
86384,28
95747,28
97745,28
98574,28
100427,28
110834,28
111962,28
116314,28
124352,28
129607,28
134525,28
136841,28
140264,28
146720,28
146757,28
150282,28
158087,28
159404,28
160019,28
163769,28
164422,28
166622,28
169652,28
171261,28
177367,28
178316,28
179608,28
180406,28
183805,28
194643,28
204115,28
207490,28
208751,28
224195,28
232446,28
233740,28
235741,28
236504,28
237918,28
241510,28
248152,28
248461,28
252299,28
261902,28
262822,28
274064,28
287879,28
290559,28
298201,28
300413,28
315108,28
327635,28
332330,28
337895,28
347024,28
358280,28
365749,28
367419,28
378346,28
386699,28
387109,28
420448,28
421214,28
449490,28
453940,28
454144,28
455381,28
456453,28
459897,28
481930,28
486511,28
494962,28
495721,28
505016,28
508336,28
517422,28
525148,28
528047,28
531634,28
532422,28
535511,28
543900,28
544377,28
544670,28
544818,28
545367,28
545457,28
545818,28
545879,28
546110,28
546538,28
546542,28
546544,28
546594,28
546821,28
546845,28
546887,28
547133,28
547285,28
547356,28
547362,28
547510,28
547576,28
547839,28
2783,29
4589,29
5466,29
8218,29
9371,29
9995,29
13813,29
15812,29
23745,29
26982,29
31353,29
31540,29
36260,29
38853,29
39314,29
39634,29
41860,29
44140,29
44739,29
46891,29
50088,29
50474,29
50789,29
50792,29
51552,29
51923,29
53736,29
56409,29
60310,29
60884,29
62046,29
62048,29
65787,29
68079,29
74785,29
75459,29
80743,29
85829,29
89042,29
96542,29
96547,29
100072,29
101757,29
104306,29
106269,29
107572,29
109622,29
109879,29
109942,29
111528,29
112988,29
114878,29
115558,29
115560,29
117734,29
122931,29
123731,29
123937,29
125810,29
130884,29
132667,29
134406,29
139507,29
139527,29
139539,29
140209,29
143169,29
144656,29
144749,29
150790,29
152103,29
155614,29
160839,29
161812,29
169219,29
169237,29
175280,29
185091,29
191104,29
191287,29
194144,29
195282,29
195972,29
200261,29
200268,29
201194,29
202398,29
209585,29
216251,29
216252,29
219725,29
224533,29
227034,29
231238,29
237383,29
241204,29
247008,29
247056,29
249420,29
249431,29
252521,29
252523,29
253313,29
256569,29
256572,29
256574,29
257981,29
258587,29
258769,29
260210,29
262779,29
262782,29
265044,29
265046,29
265820,29
269952,29
273617,29
274000,29
274662,29
275501,29
277577,29
280913,29
282368,29
285665,29
296872,29
300616,29
309712,29
315041,29
316172,29
330145,29
334560,29
339044,29
340441,29
340962,29
340964,29
347394,29
357101,29
372189,29
373058,29
374172,29
386352,29
396315,29
397058,29
398126,29
401242,29
405053,29
413295,29
421474,29
421830,29
427687,29
433496,29
434491,29
440586,29
445370,29
454964,29
456236,29
458546,29
460349,29
460420,29
473255,29
477445,29
481471,29
483208,29
488485,29
490096,29
491876,29
495867,29
498486,29
506285,29
512137,29
516649,29
518382,29
519641,29
520837,29
521441,29
521780,29
526097,29
527635,29
529729,29
531278,29
531724,29
535922,29
536745,29
537501,29
538727,29
539551,29
542294,29
542674,29
543717,29
543902,29
544042,29
544133,29
544306,29
544488,29
544784,29
544900,29
544901,29
544904,29
544908,29
544909,29
544911,29
545046,29
545481,29
545535,29
545642,29
545645,29
545795,29
545882,29
546353,29
546389,29
546505,29
546816,29
546841,29
547027,29
547130,29
547204,29
547276,29
547332,29
547354,29
547588,29
547772,29
547861,29
547990,29
548021,29
548140,29
548180,29
548187,29
548199,29
548233,29
548327,29
548449,29
84982,30
123485,30
129198,30
143599,30
178101,30
217060,30
217158,30
219357,30
233076,30
247910,30
252960,30
311681,30
384412,30
424946,30
430972,30
461018,30
469663,30
480216,30
497660,30
537692,30
542909,30
544116,30
544469,30
545098,30
545333,30
545709,30
547459,30
548045,30
548062,30
548175,30
2955,31
9890,31
9899,31
13592,31
17353,31
20770,31
20984,31
27533,31
28382,31
38321,31
48097,31
53127,31
54086,31
58878,31
59553,31
63118,31
69024,31
70323,31
98965,31
99120,31
100421,31
103072,31
103790,31
108102,31
111706,31
126269,31
128158,31
128340,31
131063,31
133801,31
133865,31
138955,31
140957,31
148337,31
148343,31
148345,31
154651,31
164930,31
166473,31
168334,31
172002,31
175883,31
180637,31
194355,31
200439,31
210916,31
210923,31
235233,31
237638,31
241094,31
245766,31
266497,31
269822,31
283150,31
283885,31
285196,31
285676,31
289189,31
290989,31
299237,31
300748,31
304366,31
317197,31
317483,31
319880,31
329992,31
338015,31
362751,31
391289,31
393496,31
395715,31
406719,31
427527,31
429149,31
435768,31
437466,31
447266,31
460734,31
462003,31
466520,31
471301,31
477927,31
489759,31
511425,31
514306,31
521644,31
537857,31
543314,31
544236,31
544970,31
545030,31
545074,31
545136,31
545413,31
545846,31
546050,31
546229,31
546230,31
546233,31
546281,31
546332,31
546477,31
546609,31
546667,31
547001,31
547067,31
547068,31
547232,31
547253,31
548349,31
62071,32
83090,32
103732,32
163396,32
188455,32
191549,32
206146,32
232485,32
537028,32
547013,32
547231,32
3997,33
4569,33
64160,33
73972,33
86166,33
127165,33
127166,33
127173,33
127747,33
134298,33
138056,33
286061,33
298195,33
408640,33
431288,33
476957,33
534981,33
536836,33
542471,33
547764,33
548307,33
8340,34
69150,34
76896,34
120609,34
144894,34
144910,34
152595,34
172449,34
190362,34
348961,34
348977,34
370890,34
406179,34
425723,34
499232,34
499233,34
608,35
10269,35
12778,35
20976,35
38054,35
41399,35
52516,35
55527,35
78439,35
90897,35
90898,35
104261,35
107578,35
109827,35
115579,35
119513,35
128432,35
136406,35
152700,35
152760,35
181903,35
188314,35
214586,35
234514,35
234517,35
240592,35
240594,35
248355,35
256280,35
262756,35
276227,35
282750,35
295220,35
301257,35
340291,35
342177,35
353561,35
379658,35
381755,35
381760,35
391667,35
398377,35
398379,35
400639,35
402726,35
405123,35
424726,35
438730,35
451350,35
484945,35
496042,35
503799,35
538633,35
539604,35
544149,35
545258,35
545259,35
545260,35
545726,35
546927,35
547215,35
38980,36
106090,36
174820,36
175655,36
240435,36
291879,36
331361,36
345945,36
449665,36
450459,36
482917,36
523998,36
532255,36
538516,36
542785,36
544949,36
544951,36
545380,36
546703,36
547174,36
547620,36
6755,37
6756,37
6760,37
6761,37
6762,37
6763,37
13249,37
18253,37
20174,37
24404,37
32129,37
51339,37
56488,37
58612,37
69068,37
69070,37
71060,37
72323,37
82458,37
84141,37
91825,37
97134,37
97196,37
97197,37
97199,37
97200,37
97953,37
104775,37
113949,37
118008,37
118187,37
121812,37
153206,37
163305,37
166695,37
171085,37
171749,37
175627,37
179892,37
185462,37
191667,37
199076,37
207327,37
218814,37
220017,37
227610,37
232681,37
237694,37
238166,37
247464,37
267626,37
270472,37
274732,37
293909,37
294895,37
301247,37
312498,37
315485,37
316383,37
327283,37
328672,37
328923,37
336732,37
342051,37
358467,37
364091,37
371252,37
383662,37
385458,37
385554,37
387996,37
388315,37
397134,37
397188,37
397191,37
397268,37
401263,37
402685,37
407073,37
407345,37
407841,37
412944,37
417470,37
425186,37
425188,37
426656,37
427365,37
428450,37
429339,37
429340,37
430031,37
430607,37
441218,37
441221,37
444195,37
444197,37
444198,37
444199,37
453361,37
453362,37
454049,37
463362,37
467023,37
476314,37
484110,37
484315,37
485937,37
490015,37
491848,37
514816,37
518701,37
521725,37
544148,37
545316,37
545653,37
545845,37
547406,37
4675,38
5357,38
6647,38
8401,38
8726,38
9875,38
12478,38
14414,38
17724,38
18476,38
22116,38
24400,38
27639,38
30127,38
33926,38
36650,38
41530,38
44178,38
44797,38
45266,38
54925,38
56841,38
56842,38
59708,38
62195,38
62359,38
63628,38
64969,38
68603,38
72264,38
74176,38
77812,38
81037,38
82978,38
84334,38
86659,38
94154,38
95300,38
97627,38
108868,38
109308,38
114227,38
118238,38
120091,38
120094,38
127309,38
127580,38
129194,38
129209,38
129845,38
133803,38
142615,38
143916,38
149184,38
149538,38
158199,38
158228,38
163144,38
164973,38
165024,38
165284,38
165911,38
167606,38
167608,38
179749,38
183731,38
190864,38
191680,38
191687,38
196946,38
196962,38
197713,38
198101,38
199265,38
208585,38
209731,38
214582,38
215366,38
220682,38
221120,38
224047,38
236977,38
238457,38
242200,38
242937,38
253311,38
256043,38
256933,38
257941,38
269590,38
271175,38
272542,38
276012,38
276182,38
278673,38
283830,38
286031,38
291815,38
295661,38
299471,38
301353,38
301370,38
305607,38
311812,38
313234,38
314234,38
329739,38
336512,38
343987,38
344784,38
350233,38
356377,38
363401,38
365404,38
370737,38
375280,38
377314,38
377900,38
380281,38
381014,38
381598,38
383056,38
407009,38
412850,38
418846,38
428761,38
430089,38
443234,38
447075,38
449700,38
449864,38
454754,38
456862,38
462826,38
464365,38
466327,38
467767,38
471294,38
473879,38
479591,38
481055,38
490694,38
510099,38
512709,38
515878,38
521964,38
526230,38
528787,38
542193,38
542486,38
542551,38
544226,38
544483,38
544677,38
545752,38
545762,38
545854,38
545877,38
546013,38
546872,38
547031,38
547044,38
547128,38
547162,38
547245,38
547287,38
547689,38
547843,38
547898,38
548222,38
548230,38
2549,39
6782,39
14444,39
18996,39
24130,39
29730,39
29735,39
39569,39
43592,39
47463,39
54346,39
57207,39
59471,39
82926,39
82970,39
82975,39
85611,39
98005,39
109161,39
113908,39
149518,39
155507,39
155616,39
155855,39
162020,39
186732,39
194492,39
198519,39
207112,39
210313,39
257222,39
282232,39
295382,39
296773,39
301135,39
309252,39
357628,39
376068,39
377664,39
382471,39
385193,39
389590,39
415193,39
420763,39
422551,39
423611,39
427066,39
437857,39
446315,39
455048,39
455762,39
459095,39
462060,39
501572,39
505284,39
510681,39
516815,39
533724,39
534319,39
537225,39
538844,39
539033,39
540521,39
544169,39
544429,39
545389,39
545494,39
545693,39
545955,39
546122,39
546541,39
546543,39
546750,39
547422,39
547690,39
548266,39
2903,40
14114,40
15349,40
15969,40
25537,40
37483,40
42890,40
48665,40
50376,40
51044,40
54620,40
54628,40
56846,40
58157,40
60848,40
61782,40
62297,40
65072,40
70819,40
70822,40
72265,40
72266,40
72268,40
75329,40
75651,40
79513,40
87889,40
94890,40
97198,40
98043,40
99478,40
102171,40
104325,40
107779,40
108655,40
110765,40
111979,40
117295,40
121563,40
128769,40
132268,40
132843,40
132914,40
132953,40
134485,40
138451,40
142854,40
144196,40
149629,40
150330,40
151723,40
155620,40
159202,40
159780,40
165481,40
166434,40
173079,40
176210,40
177735,40
179923,40
179928,40
180648,40
186890,40
188976,40
188981,40
190786,40
193601,40
194134,40
198109,40
202005,40
207545,40
219608,40
219713,40
221083,40
224435,40
237999,40
240551,40
249036,40
257310,40
260145,40
261516,40
263483,40
270250,40
274725,40
274735,40
276600,40
279497,40
284604,40
294188,40
296565,40
303800,40
307424,40
325823,40
326237,40
330455,40
332572,40
335859,40
363391,40
366198,40
372033,40
374924,40
379430,40
402589,40
414776,40
431772,40
456802,40
457101,40
462633,40
470539,40
485623,40
491871,40
492650,40
513101,40
518905,40
521512,40
522316,40
525909,40
528648,40
528833,40
529096,40
531343,40
532756,40
536663,40
537406,40
543172,40
544084,40
544285,40
544455,40
544461,40
544494,40
544497,40
544498,40
544503,40
544505,40
544968,40
545294,40
545454,40
545631,40
545638,40
545740,40
545899,40
545962,40
546010,40
546030,40
546099,40
546101,40
546103,40
546141,40
546258,40
546300,40
546558,40
546681,40
547435,40
547736,40
547862,40
547974,40
548193,40
548371,40
548401,40
3925,41
5602,41
8236,41
17553,41
18663,41
22948,41
25987,41
28358,41
32104,41
41258,41
43295,41
46046,41
46209,41
46660,41
47326,41
49338,41
53591,41
53605,41
55817,41
60917,41
64059,41
65906,41
66534,41
74576,41
77074,41
78106,41
78996,41
80764,41
85805,41
110214,41
115342,41
118000,41
118078,41
118285,41
126120,41
128037,41
130074,41
130614,41
139487,41
140581,41
144376,41
146058,41
147026,41
152977,41
154611,41
155542,41
156393,41
156736,41
160058,41
161666,41
172112,41
173731,41
174154,41
177553,41
178382,41
180678,41
185609,41
188339,41
192161,41
192435,41
196911,41
198042,41
206054,41
210078,41
211549,41
213379,41
219926,41
221995,41
224954,41
228113,41
230402,41
232375,41
241541,41
243516,41
246329,41
252377,41
254502,41
254824,41
259806,41
277743,41
281966,41
283845,41
287978,41
289915,41
293763,41
295930,41
312461,41
315483,41
321139,41
321517,41
321790,41
323063,41
324507,41
324695,41
324780,41
335872,41
344326,41
346520,41
348424,41
352235,41
353014,41
365960,41
369237,41
373643,41
374281,41
385998,41
395190,41
397925,41
399075,41
409188,41
409265,41
410240,41
410504,41
411671,41
414321,41
417186,41
419743,41
420897,41
422232,41
431512,41
437178,41
439417,41
441947,41
443797,41
444519,41
451184,41
451705,41
453047,41
459745,41
463507,41
463822,41
463953,41
466285,41
470147,41
470713,41
470799,41
495577,41
496061,41
498394,41
511093,41
512277,41
512831,41
514521,41
522412,41
522417,41
523093,41
524149,41
528027,41
528167,41
529237,41
530111,41
546850,41
547326,41
548347,41
8076,42
55376,42
67733,42
87545,42
104873,42
148622,42
169577,42
179551,42
185100,42
185175,42
195929,42
196082,42
201526,42
202676,42
231086,42
231479,42
246942,42
258331,42
258406,42
258851,42
262129,42
271318,42
283250,42
295283,42
316009,42
324658,42
328845,42
341815,42
343425,42
375598,42
382858,42
395904,42
406269,42
449858,42
454993,42
468279,42
474879,42
480968,42
500075,42
522149,42
532507,42
535180,42
99107,43
210701,43
290726,43
291340,43
291644,43
294363,43
321838,43
342066,43
346348,43
374691,43
380560,43
402108,43
404035,43
444325,43
457406,43
457878,43
482018,43
484393,43
516214,43
537700,43
17853,44
24115,44
25941,44
31751,44
34654,44
54928,44
58967,44
63992,44
75201,44
78848,44
82674,44
84577,44
84619,44
86472,44
95750,44
121198,44
127656,44
132731,44
132733,44
140204,44
142798,44
145679,44
146634,44
149544,44
153358,44
160464,44
161613,44
177400,44
183255,44
185119,44
186238,44
186245,44
188973,44
191095,44
193958,44
217377,44
221030,44
221327,44
225887,44
234226,44
234573,44
238705,44
246339,44
251764,44
251768,44
252817,44
262576,44
262785,44
262787,44
265042,44
268334,44
274447,44
281100,44
288463,44
294610,44
312908,44
320355,44
321695,44
329090,44
339068,44
341449,44
342701,44
343512,44
355006,44
364048,44
365609,44
367316,44
376824,44
380054,44
399381,44
400759,44
401905,44
412171,44
414490,44
416119,44
423034,44
434381,44
435761,44
448808,44
455367,44
461565,44
465811,44
471033,44
480013,44
494818,44
495649,44
504568,44
507407,44
523373,44
532037,44
538433,44
542731,44
543046,44
543816,44
544641,44
545880,44
546875,44
547541,44
4533,45
4534,45
8254,45
9530,45
11309,45
12219,45
16341,45
21677,45
30104,45
64656,45
67870,45
71015,45
72225,45
73626,45
92791,45
100293,45
100297,45
109835,45
109840,45
109844,45
109846,45
109847,45
109987,45
112680,45
113554,45
119331,45
125076,45
128367,45
130262,45
137301,45
139084,45
146766,45
146951,45
148126,45
156965,45
158198,45
167553,45
175519,45
185262,45
190752,45
201236,45
203542,45
212367,45
214966,45
219846,45
227440,45
230261,45
239437,45
247093,45
248341,45
261600,45
269625,45
273079,45
280556,45
286006,45
286479,45
292857,45
334341,45
361398,45
368582,45
369754,45
374084,45
382925,45
385202,45
385880,45
386999,45
399377,45
411374,45
431346,45
462058,45
469326,45
472953,45
475798,45
475917,45
477104,45
482020,45
504675,45
526297,45
532214,45
536579,45
539812,45
539828,45
542521,45
542522,45
543757,45
544595,45
545010,45
545746,45
546269,45
546827,45
546831,45
547382,45
2359,46
3111,46
7409,46
8339,46
9404,46
9692,46
11791,46
17882,46
17884,46
18491,46
20599,46
26383,46
26771,46
28389,46
30680,46
31260,46
39429,46
40170,46
42218,46
42853,46
45663,46
49708,46
54124,46
57979,46
59458,46
61401,46
61659,46
63416,46
63472,46
65272,46
65833,46
66021,46
67688,46
68041,46
68050,46
68262,46
69353,46
71284,46
73459,46
75751,46
76374,46
76546,46
76747,46
78379,46
78737,46
80158,46
82515,46
85281,46
91101,46
91786,46
92061,46
92296,46
92885,46
96543,46
96544,46
96548,46
96551,46
107949,46
108263,46
108770,46
110319,46
110731,46
110758,46
112476,46
112514,46
114718,46
116785,46
121137,46
124556,46
126280,46
127522,46
127702,46
131559,46
132345,46
135069,46
135753,46
136293,46
137867,46
141383,46
143302,46
143304,46
143552,46
148231,46
150934,46
151860,46
152107,46
153534,46
156324,46
157085,46
157694,46
157984,46
158294,46
161850,46
163145,46
163758,46
164728,46
165158,46
171246,46
174092,46
179169,46
183780,46
185432,46
185518,46
193841,46
196141,46
200178,46
208312,46
211274,46
211690,46
216263,46
220850,46
221886,46
224200,46
224347,46
226406,46
226419,46
227003,46
227005,46
227006,46
227008,46
227010,46
232558,46
234377,46
235462,46
239443,46
241962,46
243057,46
243881,46
243903,46
246855,46
249985,46
250885,46
250943,46
250967,46
252525,46
253146,46
255766,46
256688,46
259842,46
264093,46
265199,46
265831,46
267182,46
271745,46
274628,46
276022,46
277289,46
278089,46
279677,46
280922,46
282213,46
288006,46
290122,46
295607,46
295887,46
298111,46
311405,46
311523,46
311739,46
313766,46
315286,46
316319,46
316821,46
316860,46
319552,46
320801,46
320810,46
325245,46
327338,46
327380,46
330937,46
331256,46
331265,46
332690,46
333266,46
335909,46
338795,46
346507,46
346553,46
349568,46
349609,46
349917,46
351514,46
356742,46
358877,46
360262,46
362200,46
363385,46
364780,46
367538,46
369318,46
371712,46
374446,46
375361,46
385108,46
386282,46
389467,46
397588,46
398393,46
402630,46
403622,46
408511,46
409247,46
411719,46
413255,46
415138,46
416741,46
421663,46
422161,46
424865,46
426465,46
428873,46
429256,46
429618,46
429779,46
430080,46
432499,46
433755,46
434955,46
437816,46
449511,46
451141,46
451447,46
455047,46
457637,46
460295,46
461593,46
465068,46
479483,46
479851,46
483465,46
485965,46
487450,46
489786,46
490916,46
495026,46
500242,46
502835,46
503009,46
503018,46
503971,46
507831,46
512854,46
514913,46
515417,46
520900,46
523471,46
523971,46
525006,46
525207,46
525271,46
528219,46
531074,46
531395,46
533810,46
534110,46
534814,46
535133,46
537957,46
539710,46
542217,46
542240,46
543256,46
543849,46
543851,46
544117,46
544460,46
544534,46
545271,46
545620,46
546292,46
546760,46
547274,46
547429,46
547914,46
548016,46
548055,46
548083,46
548182,46
548267,46
7640,47
10254,47
18766,47
24030,47
31030,47
33356,47
36541,47
42352,47
44241,47
83430,47
83884,47
84978,47
87309,47
88374,47
91938,47
92974,47
99518,47
115722,47
117216,47
119886,47
125098,47
125401,47
137208,47
137543,47
138745,47
138841,47
146739,47
147381,47
152583,47
154514,47
156543,47
157104,47
158206,47
164549,47
167621,47
172497,47
181359,47
182971,47
186291,47
191626,47
208395,47
213437,47
213438,47
215731,47
216690,47
218927,47
230742,47
235499,47
235532,47
242634,47
243182,47
260084,47
263443,47
265882,47
267195,47
272189,47
281101,47
286051,47
287547,47
379649,47
386708,47
388011,47
388013,47
388014,47
411274,47
412722,47
440733,47
456782,47
457367,47
481783,47
482594,47
510036,47
510089,47
516601,47
527749,47
528486,47
528882,47
542727,47
543350,47
544069,47
544157,47
544162,47
544713,47
544888,47
545029,47
545243,47
545390,47
545456,47
545465,47
545689,47
545704,47
545953,47
546207,47
546337,47
546583,47
546806,47
546900,47
547026,47
547041,47
547284,47
547891,47
548039,47
548127,47
548177,47
548240,47
548275,47
548283,47
1073,48
1290,48
4031,48
4285,48
4818,48
7953,48
8200,48
9274,48
10722,48
11067,48
11458,48
11460,48
12334,48
12503,48
14303,48
15800,48
19220,48
20220,48
22828,48
22987,48
23343,48
23354,48
29218,48
29397,48
30857,48
31355,48
32592,48
32909,48
35180,48
36383,48
37388,48
38319,48
38400,48
38952,48
39246,48
40270,48
41645,48
42855,48
42899,48
46917,48
52943,48
53821,48
53991,48
54437,48
54589,48
54658,48
55281,48
55602,48
57041,48
60273,48
60867,48
62840,48
64426,48
67441,48
70132,48
71071,48
78945,48
81138,48
81841,48
82973,48
87658,48
87674,48
92369,48
94307,48
98282,48
98611,48
99948,48
100905,48
103033,48
105395,48
107266,48
108419,48
108421,48
109824,48
110412,48
113239,48
114885,48
115103,48
117653,48
117812,48
119643,48
121038,48
128245,48
129669,48
131754,48
132750,48
134401,48
134450,48
137120,48
137481,48
140693,48
142755,48
147372,48
147748,48
148210,48
148902,48
149653,48
150768,48
151461,48
151470,48
152177,48
152869,48
154549,48
154550,48
155625,48
156661,48
156930,48
159353,48
159681,48
161274,48
162311,48
162907,48
164626,48
165977,48
165979,48
167565,48
167787,48
172845,48
172996,48
173543,48
174540,48
177845,48
178312,48
181080,48
184330,48
185801,48
188967,48
190737,48
191670,48
197198,48
200581,48
200736,48
209520,48
210993,48
212000,48
215160,48
215598,48
216328,48
218141,48
218939,48
221752,48
222819,48
227793,48
228432,48
230774,48
231481,48
231889,48
233111,48
235370,48
235787,48
240249,48
241168,48
246956,48
247803,48
248768,48
255176,48
259756,48
260168,48
260645,48
262316,48
263887,48
263955,48
264695,48
265731,48
267470,48
268908,48
270594,48
271590,48
272594,48
273690,48
276821,48
279795,48
282304,48
282458,48
282832,48
283290,48
285390,48
286046,48
288456,48
292471,48
293095,48
297380,48
301820,48
302913,48
303102,48
303670,48
306868,48
312344,48
315571,48
315721,48
319235,48
320169,48
322912,48
329502,48
329687,48
330495,48
333674,48
334386,48
335027,48
336920,48
344171,48
345637,48
346583,48
348700,48
350179,48
350835,48
351712,48
355549,48
357574,48
359019,48
378911,48
381260,48
384003,48
389177,48
391318,48
391320,48
395326,48
399777,48
401333,48
401977,48
402723,48
403312,48
407848,48
413776,48
416245,48
421406,48
422826,48
424377,48
428743,48
430462,48
430795,48
432212,48
438939,48
445084,48
448665,48
449438,48
450648,48
451429,48
451897,48
457508,48
463481,48
464131,48
469671,48
472461,48
473208,48
475734,48
476840,48
479302,48
479485,48
482186,48
484395,48
485096,48
487130,48
503561,48
504416,48
508036,48
508038,48
510259,48
510531,48
514687,48
518414,48
519931,48
521464,48
526697,48
527842,48
529350,48
530645,48
530654,48
531963,48
532517,48
533148,48
535467,48
535554,48
535973,48
537441,48
538090,48
541957,48
542957,48
542958,48
543212,48
543760,48
543790,48
544463,48
544816,48
544941,48
545045,48
545124,48
545125,48
545332,48
545421,48
545458,48
545721,48
545997,48
546199,48
546277,48
546442,48
547005,48
547578,48
547785,48
548084,48
548260,48
11819,49
45384,49
66156,49
87730,49
105773,49
121542,49
175857,49
200260,49
270732,49
279383,49
320110,49
339111,49
367069,49
393869,49
408484,49
417487,49
526862,49
